Season,HomeTeam,AwayTeam,FTHG,FTAG,FTR
2015-16,Bournemouth,Aston Villa,0,1,A
2015-16,Chelsea,Swansea,2,2,D
2015-16,Everton,Watford,2,2,D
2015-16,Leicester,Sunderland,4,2,H
2015-16,Manchester United,Tottenham,1,0,H
2015-16,Norwich,Crystal Palace,1,3,A
2015-16,Arsenal,West Ham,0,2,A
2015-16,Newcastle United,Southampton,2,2,D
2015-16,Stoke,Liverpool,0,1,A
2015-16,West Bromwich Albion,Manchester City,0,3,A
2015-16,Aston Villa,Manchester United,0,1,A
2015-16,Southampton,Everton,0,3,A
2015-16,Sunderland,Norwich,1,3,A
2015-16,Swansea,Newcastle United,2,0,H
2015-16,Tottenham,Stoke,2,2,D
2015-16,Watford,West Bromwich Albion,0,0,D
2015-16,West Ham,Leicester,1,2,A
2015-16,Crystal Palace,Arsenal,1,2,A
2015-16,Manchester City,Chelsea,3,0,H
2015-16,Liverpool,Bournemouth,1,0,H
2015-16,Crystal Palace,Aston Villa,2,1,H
2015-16,Leicester,Tottenham,1,1,D
2015-16,Manchester United,Newcastle United,0,0,D
2015-16,Norwich,Stoke,1,1,D
2015-16,Sunderland,Swansea,1,1,D
2015-16,West Ham,Bournemouth,3,4,A
2015-16,Everton,Manchester City,0,2,A
2015-16,Watford,Southampton,0,0,D
2015-16,West Bromwich Albion,Chelsea,2,3,A
2015-16,Arsenal,Liverpool,0,0,D
2015-16,Aston Villa,Sunderland,2,2,D
2015-16,Bournemouth,Leicester,1,1,D
2015-16,Chelsea,Crystal Palace,1,2,A
2015-16,Liverpool,West Ham,0,3,A
2015-16,Manchester City,Watford,2,0,H
2015-16,Newcastle United,Arsenal,0,1,A
2015-16,Stoke,West Bromwich Albion,0,1,A
2015-16,Tottenham,Everton,0,0,D
2015-16,Southampton,Norwich,3,0,H
2015-16,Swansea,Manchester United,2,1,H
2015-16,Arsenal,Stoke,2,0,H
2015-16,Crystal Palace,Manchester City,0,1,A
2015-16,Everton,Chelsea,3,1,H
2015-16,Manchester United,Liverpool,3,1,H
2015-16,Norwich,Bournemouth,3,1,H
2015-16,Watford,Swansea,1,0,H
2015-16,West Bromwich Albion,Southampton,0,0,D
2015-16,Leicester,Aston Villa,3,2,H
2015-16,Sunderland,Tottenham,0,1,A
2015-16,West Ham,Newcastle United,2,0,H
2015-16,Aston Villa,West Bromwich Albion,0,1,A
2015-16,Bournemouth,Sunderland,2,0,H
2015-16,Chelsea,Arsenal,2,0,H
2015-16,Manchester City,West Ham,1,2,A
2015-16,Newcastle United,Watford,1,2,A
2015-16,Stoke,Leicester,2,2,D
2015-16,Swansea,Everton,0,0,D
2015-16,Liverpool,Norwich,1,1,D
2015-16,Southampton,Manchester United,2,3,A
2015-16,Tottenham,Crystal Palace,1,0,H
2015-16,Leicester,Arsenal,2,5,A
2015-16,Liverpool,Aston Villa,3,2,H
2015-16,Manchester United,Sunderland,3,0,H
2015-16,Newcastle United,Chelsea,2,2,D
2015-16,Southampton,Swansea,3,1,H
2015-16,Stoke,Bournemouth,2,1,H
2015-16,Tottenham,Manchester City,4,1,H
2015-16,West Ham,Norwich,2,2,D
2015-16,Watford,Crystal Palace,0,1,A
2015-16,West Bromwich Albion,Everton,2,3,A
2015-16,Aston Villa,Stoke,0,1,A
2015-16,Bournemouth,Watford,1,1,D
2015-16,Chelsea,Southampton,1,3,A
2015-16,Crystal Palace,West Bromwich Albion,2,0,H
2015-16,Manchester City,Newcastle United,6,1,H
2015-16,Norwich,Leicester,1,2,A
2015-16,Sunderland,West Ham,2,2,D
2015-16,Arsenal,Manchester United,3,0,H
2015-16,Everton,Liverpool,1,1,D
2015-16,Swansea,Tottenham,2,2,D
2015-16,Chelsea,Aston Villa,2,0,H
2015-16,Crystal Palace,West Ham,1,3,A
2015-16,Everton,Manchester United,0,3,A
2015-16,Manchester City,Bournemouth,5,1,H
2015-16,Southampton,Leicester,2,2,D
2015-16,Tottenham,Liverpool,0,0,D
2015-16,Watford,Arsenal,0,3,A
2015-16,West Bromwich Albion,Sunderland,1,0,H
2015-16,Newcastle United,Norwich,6,2,H
2015-16,Swansea,Stoke,0,1,A
2015-16,Arsenal,Everton,2,1,H
2015-16,Aston Villa,Swansea,1,2,A
2015-16,Leicester,Crystal Palace,1,0,H
2015-16,Norwich,West Bromwich Albion,0,1,A
2015-16,Stoke,Watford,0,2,A
2015-16,West Ham,Chelsea,2,1,H
2015-16,Bournemouth,Tottenham,1,5,A
2015-16,Liverpool,Southampton,1,1,D
2015-16,Manchester United,Manchester City,0,0,D
2015-16,Sunderland,Newcastle United,3,0,H
2015-16,Chelsea,Liverpool,1,3,A
2015-16,Crystal Palace,Manchester United,0,0,D
2015-16,Manchester City,Norwich,2,1,H
2015-16,Newcastle United,Stoke,0,0,D
2015-16,Swansea,Arsenal,0,3,A
2015-16,Watford,West Ham,2,0,H
2015-16,West Bromwich Albion,Leicester,2,3,A
2015-16,Everton,Sunderland,6,2,H
2015-16,Southampton,Bournemouth,2,0,H
2015-16,Tottenham,Aston Villa,3,1,H
2015-16,Bournemouth,Newcastle United,0,1,A
2015-16,Leicester,Watford,2,1,H
2015-16,Manchester United,West Bromwich Albion,2,0,H
2015-16,Norwich,Swansea,1,0,H
2015-16,Stoke,Chelsea,1,0,H
2015-16,Sunderland,Southampton,0,1,A
2015-16,West Ham,Everton,1,1,D
2015-16,Arsenal,Tottenham,1,1,D
2015-16,Aston Villa,Manchester City,0,0,D
2015-16,Liverpool,Crystal Palace,1,2,A
2015-16,Chelsea,Norwich,1,0,H
2015-16,Everton,Aston Villa,4,0,H
2015-16,Manchester City,Liverpool,1,4,A
2015-16,Newcastle United,Leicester,0,3,A
2015-16,Southampton,Stoke,0,1,A
2015-16,Swansea,Bournemouth,2,2,D
2015-16,Watford,Manchester United,1,2,A
2015-16,West Bromwich Albion,Arsenal,2,1,H
2015-16,Tottenham,West Ham,4,1,H
2015-16,Crystal Palace,Sunderland,0,1,A
2015-16,Aston Villa,Watford,2,3,A
2015-16,Bournemouth,Everton,3,3,D
2015-16,Crystal Palace,Newcastle United,5,1,H
2015-16,Leicester,Manchester United,1,1,D
2015-16,Manchester City,Southampton,3,1,H
2015-16,Sunderland,Stoke,2,0,H
2015-16,Liverpool,Swansea,1,0,H
2015-16,Norwich,Arsenal,1,1,D
2015-16,Tottenham,Chelsea,0,0,D
2015-16,West Ham,West Bromwich Albion,1,1,D
2015-16,Arsenal,Sunderland,3,1,H
2015-16,Chelsea,Bournemouth,0,1,A
2015-16,Manchester United,West Ham,0,0,D
2015-16,Southampton,Aston Villa,1,1,D
2015-16,Stoke,Manchester City,2,0,H
2015-16,Swansea,Leicester,0,3,A
2015-16,Watford,Norwich,2,0,H
2015-16,West Bromwich Albion,Tottenham,1,1,D
2015-16,Newcastle United,Liverpool,2,0,H
2015-16,Everton,Crystal Palace,1,1,D
2015-16,Bournemouth,Manchester United,2,1,H
2015-16,Crystal Palace,Southampton,1,0,H
2015-16,Manchester City,Swansea,2,1,H
2015-16,Norwich,Everton,1,1,D
2015-16,Sunderland,Watford,0,1,A
2015-16,West Ham,Stoke,0,0,D
2015-16,Aston Villa,Arsenal,0,2,A
2015-16,Liverpool,West Bromwich Albion,2,2,D
2015-16,Tottenham,Newcastle United,1,2,A
2015-16,Leicester,Chelsea,2,1,H
2015-16,Chelsea,Sunderland,3,1,H
2015-16,Everton,Leicester,2,3,A
2015-16,Manchester United,Norwich,1,2,A
2015-16,Newcastle United,Aston Villa,1,1,D
2015-16,Southampton,Tottenham,0,2,A
2015-16,Stoke,Crystal Palace,1,2,A
2015-16,West Bromwich Albion,Bournemouth,1,2,A
2015-16,Swansea,West Ham,0,0,D
2015-16,Watford,Liverpool,3,0,H
2015-16,Arsenal,Manchester City,2,1,H
2015-16,Aston Villa,West Ham,1,1,D
2015-16,Bournemouth,Crystal Palace,0,0,D
2015-16,Chelsea,Watford,2,2,D
2015-16,Liverpool,Leicester,1,0,H
2015-16,Manchester City,Sunderland,4,1,H
2015-16,Newcastle United,Everton,0,1,A
2015-16,Southampton,Arsenal,4,0,H
2015-16,Stoke,Manchester United,2,0,H
2015-16,Swansea,West Bromwich Albion,1,0,H
2015-16,Tottenham,Norwich,3,0,H
2015-16,Arsenal,Bournemouth,2,0,H
2015-16,Crystal Palace,Swansea,0,0,D
2015-16,Everton,Stoke,3,4,A
2015-16,Manchester United,Chelsea,0,0,D
2015-16,Norwich,Aston Villa,2,0,H
2015-16,Watford,Tottenham,1,2,A
2015-16,West Bromwich Albion,Newcastle United,1,0,H
2015-16,West Ham,Southampton,2,1,H
2015-16,Leicester,Manchester City,0,0,D
2015-16,Sunderland,Liverpool,0,1,A
2015-16,Arsenal,Newcastle United,1,0,H
2015-16,Leicester,Bournemouth,0,0,D
2015-16,Manchester United,Swansea,2,1,H
2015-16,Norwich,Southampton,1,0,H
2015-16,Sunderland,Aston Villa,3,1,H
2015-16,Watford,Manchester City,1,2,A
2015-16,West Bromwich Albion,Stoke,2,1,H
2015-16,West Ham,Liverpool,2,0,H
2015-16,Crystal Palace,Chelsea,0,3,A
2015-16,Everton,Tottenham,1,1,D
2015-16,Aston Villa,Crystal Palace,1,0,H
2015-16,Bournemouth,West Ham,1,3,A
2015-16,Newcastle United,Manchester United,3,3,D
2015-16,Chelsea,West Bromwich Albion,2,2,D
2015-16,Liverpool,Arsenal,3,3,D
2015-16,Manchester City,Everton,0,0,D
2015-16,Southampton,Watford,2,0,H
2015-16,Stoke,Norwich,3,1,H
2015-16,Swansea,Sunderland,2,4,A
2015-16,Tottenham,Leicester,0,1,A
2015-16,Aston Villa,Leicester,1,1,D
2015-16,Bournemouth,Norwich,3,0,H
2015-16,Chelsea,Everton,3,3,D
2015-16,Manchester City,Crystal Palace,4,0,H
2015-16,Newcastle United,West Ham,2,1,H
2015-16,Southampton,West Bromwich Albion,3,0,H
2015-16,Tottenham,Sunderland,4,1,H
2015-16,Liverpool,Manchester United,0,1,A
2015-16,Stoke,Arsenal,0,0,D
2015-16,Swansea,Watford,1,0,H
2015-16,Crystal Palace,Tottenham,1,3,A
2015-16,Leicester,Stoke,3,0,H
2015-16,Manchester United,Southampton,0,1,A
2015-16,Norwich,Liverpool,4,5,A
2015-16,Sunderland,Bournemouth,1,1,D
2015-16,Watford,Newcastle United,2,1,H
2015-16,West Bromwich Albion,Aston Villa,0,0,D
2015-16,West Ham,Manchester City,2,2,D
2015-16,Arsenal,Chelsea,0,1,A
2015-16,Everton,Swansea,1,2,A
2015-16,Arsenal,Southampton,0,0,D
2015-16,Crystal Palace,Bournemouth,1,2,A
2015-16,Leicester,Liverpool,2,0,H
2015-16,Manchester United,Stoke,3,0,H
2015-16,Norwich,Tottenham,0,3,A
2015-16,Sunderland,Manchester City,0,1,A
2015-16,West Bromwich Albion,Swansea,1,1,D
2015-16,West Ham,Aston Villa,2,0,H
2015-16,Everton,Newcastle United,3,0,H
2015-16,Watford,Chelsea,0,0,D
2015-16,Aston Villa,Norwich,2,0,H
2015-16,Liverpool,Sunderland,2,2,D
2015-16,Manchester City,Leicester,1,3,A
2015-16,Newcastle United,West Bromwich Albion,1,0,H
2015-16,Southampton,West Ham,1,0,H
2015-16,Stoke,Everton,0,3,A
2015-16,Swansea,Crystal Palace,1,1,D
2015-16,Tottenham,Watford,1,0,H
2015-16,Bournemouth,Arsenal,0,2,A
2015-16,Chelsea,Manchester United,1,1,D
2015-16,Bournemouth,Stoke,1,3,A
2015-16,Chelsea,Newcastle United,5,1,H
2015-16,Crystal Palace,Watford,1,2,A
2015-16,Everton,West Bromwich Albion,0,1,A
2015-16,Norwich,West Ham,2,2,D
2015-16,Sunderland,Manchester United,2,1,H
2015-16,Swansea,Southampton,0,1,A
2015-16,Arsenal,Leicester,2,1,H
2015-16,Aston Villa,Liverpool,0,6,A
2015-16,Manchester City,Tottenham,1,2,A
2015-16,Leicester,Norwich,1,0,H
2015-16,Southampton,Chelsea,1,2,A
2015-16,Stoke,Aston Villa,2,1,H
2015-16,Watford,Bournemouth,0,0,D
2015-16,West Bromwich Albion,Crystal Palace,3,2,H
2015-16,West Ham,Sunderland,1,0,H
2015-16,Tottenham,Swansea,2,1,H
2015-16,Manchester United,Arsenal,3,2,H
2015-16,Aston Villa,Everton,1,3,A
2015-16,Bournemouth,Southampton,2,0,H
2015-16,Leicester,West Bromwich Albion,2,2,D
2015-16,Norwich,Chelsea,1,2,A
2015-16,Sunderland,Crystal Palace,2,2,D
2015-16,Arsenal,Swansea,1,2,A
2015-16,Liverpool,Manchester City,3,0,H
2015-16,Manchester United,Watford,1,0,H
2015-16,Stoke,Newcastle United,1,0,H
2015-16,West Ham,Tottenham,1,0,H
2015-16,Chelsea,Stoke,1,1,D
2015-16,Everton,West Ham,2,3,A
2015-16,Manchester City,Aston Villa,4,0,H
2015-16,Newcastle United,Bournemouth,1,3,A
2015-16,Southampton,Sunderland,1,1,D
2015-16,Swansea,Norwich,1,0,H
2015-16,Tottenham,Arsenal,2,2,D
2015-16,Watford,Leicester,0,1,A
2015-16,Crystal Palace,Liverpool,1,2,A
2015-16,West Bromwich Albion,Manchester United,1,0,H
2015-16,Bournemouth,Swansea,3,2,H
2015-16,Norwich,Manchester City,0,0,D
2015-16,Stoke,Southampton,1,2,A
2015-16,Aston Villa,Tottenham,0,2,A
2015-16,Leicester,Newcastle United,1,0,H
2015-16,Chelsea,West Ham,2,2,D
2015-16,Crystal Palace,Leicester,0,1,A
2015-16,Everton,Arsenal,0,2,A
2015-16,Swansea,Aston Villa,1,0,H
2015-16,Watford,Stoke,1,2,A
2015-16,West Bromwich Albion,Norwich,0,1,A
2015-16,Manchester City,Manchester United,0,1,A
2015-16,Newcastle United,Sunderland,1,1,D
2015-16,Southampton,Liverpool,3,2,H
2015-16,Tottenham,Bournemouth,3,0,H
2015-16,Arsenal,Watford,4,0,H
2015-16,Aston Villa,Chelsea,0,4,A
2015-16,Bournemouth,Manchester City,0,4,A
2015-16,Liverpool,Tottenham,1,1,D
2015-16,Norwich,Newcastle United,3,2,H
2015-16,Stoke,Swansea,2,2,D
2015-16,Sunderland,West Bromwich Albion,0,0,D
2015-16,West Ham,Crystal Palace,2,2,D
2015-16,Leicester,Southampton,1,0,H
2015-16,Manchester United,Everton,1,0,H
2015-16,Aston Villa,Bournemouth,1,2,A
2015-16,Crystal Palace,Norwich,1,0,H
2015-16,Manchester City,West Bromwich Albion,2,1,H
2015-16,Southampton,Newcastle United,3,1,H
2015-16,Swansea,Chelsea,1,0,H
2015-16,Watford,Everton,1,1,D
2015-16,West Ham,Arsenal,3,3,D
2015-16,Liverpool,Stoke,4,1,H
2015-16,Sunderland,Leicester,0,2,A
2015-16,Tottenham,Manchester United,3,0,H
2015-16,Crystal Palace,Everton,0,0,D
2015-16,Chelsea,Manchester City,0,3,A
2015-16,Everton,Southampton,1,1,D
2015-16,Manchester United,Aston Villa,1,0,H
2015-16,Newcastle United,Swansea,3,0,H
2015-16,Norwich,Sunderland,0,3,A
2015-16,West Bromwich Albion,Watford,0,1,A
2015-16,Arsenal,Crystal Palace,1,1,D
2015-16,Bournemouth,Liverpool,1,2,A
2015-16,Leicester,West Ham,2,2,D
2015-16,Stoke,Tottenham,0,4,A
2015-16,Newcastle United,Manchester City,1,1,D
2015-16,Liverpool,Everton,4,0,H
2015-16,Manchester United,Crystal Palace,2,0,H
2015-16,West Ham,Watford,3,1,H
2015-16,Arsenal,West Bromwich Albion,2,0,H
2015-16,Aston Villa,Southampton,2,4,A
2015-16,Bournemouth,Chelsea,1,4,A
2015-16,Liverpool,Newcastle United,2,2,D
2015-16,Manchester City,Stoke,4,0,H
2015-16,Leicester,Swansea,4,0,H
2015-16,Sunderland,Arsenal,0,0,D
2015-16,Tottenham,West Bromwich Albion,1,1,D
2015-16,Arsenal,Norwich,1,0,H
2015-16,Everton,Bournemouth,2,1,H
2015-16,Newcastle United,Crystal Palace,1,0,H
2015-16,Stoke,Sunderland,1,1,D
2015-16,Watford,Aston Villa,3,2,H
2015-16,West Bromwich Albion,West Ham,0,3,A
2015-16,Manchester United,Leicester,1,1,D
2015-16,Southampton,Manchester City,4,2,H
2015-16,Swansea,Liverpool,3,1,H
2015-16,Chelsea,Tottenham,2,2,D
2015-16,Aston Villa,Newcastle United,0,0,D
2015-16,Bournemouth,West Bromwich Albion,1,1,D
2015-16,Crystal Palace,Stoke,2,1,H
2015-16,Leicester,Everton,3,1,H
2015-16,Norwich,Manchester United,0,1,A
2015-16,Sunderland,Chelsea,3,2,H
2015-16,West Ham,Swansea,1,4,A
2015-16,Liverpool,Watford,2,0,H
2015-16,Manchester City,Arsenal,2,2,D
2015-16,Tottenham,Southampton,1,2,A
2015-16,West Ham,Manchester United,3,2,H
2015-16,Liverpool,Chelsea,1,1,D
2015-16,Norwich,Watford,4,2,H
2015-16,Sunderland,Everton,3,0,H
2015-16,Arsenal,Aston Villa,4,0,H
2015-16,Chelsea,Leicester,1,1,D
2015-16,Everton,Norwich,3,0,H
2015-16,Newcastle United,Tottenham,5,1,H
2015-16,Southampton,Crystal Palace,4,1,H
2015-16,Stoke,West Ham,2,1,H
2015-16,Swansea,Manchester City,1,1,D
2015-16,Watford,Sunderland,2,2,D
2015-16,West Bromwich Albion,Liverpool,1,1,D
2015-16,Manchester United,Bournemouth,3,1,H
2016-17,Burnley,Swansea,0,1,A
2016-17,Crystal Palace,West Bromwich Albion,0,1,A
2016-17,Everton,Tottenham,1,1,D
2016-17,Hull,Leicester,2,1,H
2016-17,Manchester City,Sunderland,2,1,H
2016-17,Middlesbrough,Stoke,1,1,D
2016-17,Southampton,Watford,1,1,D
2016-17,Arsenal,Liverpool,3,4,A
2016-17,Bournemouth,Manchester United,1,3,A
2016-17,Chelsea,West Ham,2,1,H
2016-17,Manchester United,Southampton,2,0,H
2016-17,Burnley,Liverpool,2,0,H
2016-17,Leicester,Arsenal,0,0,D
2016-17,Stoke,Manchester City,1,4,A
2016-17,Swansea,Hull,0,2,A
2016-17,Tottenham,Crystal Palace,1,0,H
2016-17,Watford,Chelsea,1,2,A
2016-17,West Bromwich Albion,Everton,1,2,A
2016-17,Sunderland,Middlesbrough,1,2,A
2016-17,West Ham,Bournemouth,1,0,H
2016-17,Chelsea,Burnley,3,0,H
2016-17,Crystal Palace,Bournemouth,1,1,D
2016-17,Everton,Stoke,1,0,H
2016-17,Hull,Manchester United,0,1,A
2016-17,Leicester,Swansea,2,1,H
2016-17,Southampton,Sunderland,1,1,D
2016-17,Tottenham,Liverpool,1,1,D
2016-17,Watford,Arsenal,1,3,A
2016-17,Manchester City,West Ham,3,1,H
2016-17,West Bromwich Albion,Middlesbrough,0,0,D
2016-17,Arsenal,Southampton,2,1,H
2016-17,Bournemouth,West Bromwich Albion,1,0,H
2016-17,Burnley,Hull,1,1,D
2016-17,Liverpool,Leicester,4,1,H
2016-17,Manchester United,Manchester City,1,2,A
2016-17,Middlesbrough,Crystal Palace,1,2,A
2016-17,Stoke,Tottenham,0,4,A
2016-17,West Ham,Watford,2,4,A
2016-17,Swansea,Chelsea,2,2,D
2016-17,Sunderland,Everton,0,3,A
2016-17,Chelsea,Liverpool,1,2,A
2016-17,Everton,Middlesbrough,3,1,H
2016-17,Hull,Arsenal,1,4,A
2016-17,Leicester,Burnley,3,0,H
2016-17,Manchester City,Bournemouth,4,0,H
2016-17,West Bromwich Albion,West Ham,4,2,H
2016-17,Crystal Palace,Stoke,4,1,H
2016-17,Southampton,Swansea,1,0,H
2016-17,Tottenham,Sunderland,1,0,H
2016-17,Watford,Manchester United,3,1,H
2016-17,Arsenal,Chelsea,3,0,H
2016-17,Bournemouth,Everton,1,0,H
2016-17,Liverpool,Hull,5,1,H
2016-17,Manchester United,Leicester,4,1,H
2016-17,Middlesbrough,Tottenham,1,2,A
2016-17,Stoke,West Bromwich Albion,1,1,D
2016-17,Sunderland,Crystal Palace,2,3,A
2016-17,Swansea,Manchester City,1,3,A
2016-17,West Ham,Southampton,0,3,A
2016-17,Burnley,Watford,2,0,H
2016-17,Everton,Crystal Palace,1,1,D
2016-17,Hull,Chelsea,0,2,A
2016-17,Sunderland,West Bromwich Albion,1,1,D
2016-17,Swansea,Liverpool,1,2,A
2016-17,Watford,Bournemouth,2,2,D
2016-17,West Ham,Middlesbrough,1,1,D
2016-17,Burnley,Arsenal,0,1,A
2016-17,Leicester,Southampton,0,0,D
2016-17,Manchester United,Stoke,1,1,D
2016-17,Tottenham,Manchester City,2,0,H
2016-17,Arsenal,Swansea,3,2,H
2016-17,Bournemouth,Hull,6,1,H
2016-17,Chelsea,Leicester,3,0,H
2016-17,Crystal Palace,West Ham,0,1,A
2016-17,Manchester City,Everton,1,1,D
2016-17,Stoke,Sunderland,2,0,H
2016-17,West Bromwich Albion,Tottenham,1,1,D
2016-17,Middlesbrough,Watford,0,1,A
2016-17,Southampton,Burnley,3,1,H
2016-17,Liverpool,Manchester United,0,0,D
2016-17,Arsenal,Middlesbrough,0,0,D
2016-17,Bournemouth,Tottenham,0,0,D
2016-17,Burnley,Everton,2,1,H
2016-17,Hull,Stoke,0,2,A
2016-17,Leicester,Crystal Palace,3,1,H
2016-17,Liverpool,West Bromwich Albion,2,1,H
2016-17,Swansea,Watford,0,0,D
2016-17,West Ham,Sunderland,1,0,H
2016-17,Chelsea,Manchester United,4,0,H
2016-17,Manchester City,Southampton,1,1,D
2016-17,Crystal Palace,Liverpool,2,4,A
2016-17,Manchester United,Burnley,0,0,D
2016-17,Middlesbrough,Bournemouth,2,0,H
2016-17,Sunderland,Arsenal,1,4,A
2016-17,Tottenham,Leicester,1,1,D
2016-17,Watford,Hull,1,0,H
2016-17,West Bromwich Albion,Manchester City,0,4,A
2016-17,Everton,West Ham,2,0,H
2016-17,Southampton,Chelsea,0,2,A
2016-17,Stoke,Swansea,3,1,H
2016-17,Bournemouth,Sunderland,1,2,A
2016-17,Burnley,Crystal Palace,3,2,H
2016-17,Chelsea,Everton,5,0,H
2016-17,Manchester City,Middlesbrough,1,1,D
2016-17,West Ham,Stoke,1,1,D
2016-17,Arsenal,Tottenham,1,1,D
2016-17,Hull,Southampton,2,1,H
2016-17,Leicester,West Bromwich Albion,1,2,A
2016-17,Liverpool,Watford,6,1,H
2016-17,Swansea,Manchester United,1,3,A
2016-17,Crystal Palace,Manchester City,1,2,A
2016-17,Everton,Swansea,1,1,D
2016-17,Manchester United,Arsenal,1,1,D
2016-17,Southampton,Liverpool,0,0,D
2016-17,Stoke,Bournemouth,0,1,A
2016-17,Sunderland,Hull,3,0,H
2016-17,Tottenham,West Ham,3,2,H
2016-17,Watford,Leicester,2,1,H
2016-17,Middlesbrough,Chelsea,0,1,A
2016-17,West Bromwich Albion,Burnley,4,0,H
2016-17,Burnley,Manchester City,1,2,A
2016-17,Chelsea,Tottenham,2,1,H
2016-17,Hull,West Bromwich Albion,1,1,D
2016-17,Leicester,Middlesbrough,2,2,D
2016-17,Liverpool,Sunderland,2,0,H
2016-17,Swansea,Crystal Palace,5,4,H
2016-17,Arsenal,Bournemouth,3,1,H
2016-17,Manchester United,West Ham,1,1,D
2016-17,Southampton,Everton,1,0,H
2016-17,Watford,Stoke,0,1,A
2016-17,Crystal Palace,Southampton,3,0,H
2016-17,Manchester City,Chelsea,1,3,A
2016-17,Stoke,Burnley,2,0,H
2016-17,Sunderland,Leicester,2,1,H
2016-17,Tottenham,Swansea,5,0,H
2016-17,West Bromwich Albion,Watford,3,1,H
2016-17,West Ham,Arsenal,1,5,A
2016-17,Bournemouth,Liverpool,4,3,H
2016-17,Everton,Manchester United,1,1,D
2016-17,Middlesbrough,Hull,1,0,H
2016-17,Arsenal,Stoke,3,1,H
2016-17,Burnley,Bournemouth,3,2,H
2016-17,Hull,Crystal Palace,3,3,D
2016-17,Leicester,Manchester City,4,2,H
2016-17,Swansea,Sunderland,3,0,H
2016-17,Watford,Everton,3,2,H
2016-17,Chelsea,West Bromwich Albion,1,0,H
2016-17,Liverpool,West Ham,2,2,D
2016-17,Manchester United,Tottenham,1,0,H
2016-17,Southampton,Middlesbrough,1,0,H
2016-17,Bournemouth,Leicester,1,0,H
2016-17,Everton,Arsenal,2,1,H
2016-17,Crystal Palace,Manchester United,1,2,A
2016-17,Manchester City,Watford,2,0,H
2016-17,Middlesbrough,Liverpool,0,3,A
2016-17,Stoke,Southampton,0,0,D
2016-17,Sunderland,Chelsea,0,1,A
2016-17,Tottenham,Hull,3,0,H
2016-17,West Bromwich Albion,Swansea,3,1,H
2016-17,West Ham,Burnley,1,0,H
2016-17,Crystal Palace,Chelsea,0,1,A
2016-17,Middlesbrough,Swansea,3,0,H
2016-17,Stoke,Leicester,2,2,D
2016-17,Sunderland,Watford,1,0,H
2016-17,West Bromwich Albion,Manchester United,0,2,A
2016-17,West Ham,Hull,1,0,H
2016-17,Bournemouth,Southampton,1,3,A
2016-17,Manchester City,Arsenal,2,1,H
2016-17,Tottenham,Burnley,2,1,H
2016-17,Everton,Liverpool,0,1,A
2016-17,Arsenal,West Bromwich Albion,1,0,H
2016-17,Burnley,Middlesbrough,1,0,H
2016-17,Chelsea,Bournemouth,3,0,H
2016-17,Hull,Manchester City,0,3,A
2016-17,Leicester,Everton,0,2,A
2016-17,Manchester United,Sunderland,3,1,H
2016-17,Swansea,West Ham,1,4,A
2016-17,Watford,Crystal Palace,1,1,D
2016-17,Liverpool,Stoke,4,1,H
2016-17,Southampton,Tottenham,1,4,A
2016-17,Hull,Everton,2,2,D
2016-17,Burnley,Sunderland,4,1,H
2016-17,Chelsea,Stoke,4,2,H
2016-17,Leicester,West Ham,1,0,H
2016-17,Liverpool,Manchester City,1,0,H
2016-17,Manchester United,Middlesbrough,2,1,H
2016-17,Southampton,West Bromwich Albion,1,2,A
2016-17,Swansea,Bournemouth,0,3,A
2016-17,Arsenal,Crystal Palace,2,0,H
2016-17,Watford,Tottenham,1,4,A
2016-17,Everton,Southampton,3,0,H
2016-17,Manchester City,Burnley,2,1,H
2016-17,Middlesbrough,Leicester,0,0,D
2016-17,Sunderland,Liverpool,2,2,D
2016-17,West Bromwich Albion,Hull,3,1,H
2016-17,West Ham,Manchester United,0,2,A
2016-17,Bournemouth,Arsenal,3,3,D
2016-17,Crystal Palace,Swansea,1,2,A
2016-17,Stoke,Watford,2,0,H
2016-17,Tottenham,Chelsea,2,0,H
2016-17,Burnley,Southampton,1,0,H
2016-17,Hull,Bournemouth,3,1,H
2016-17,Leicester,Chelsea,0,3,A
2016-17,Sunderland,Stoke,1,3,A
2016-17,Swansea,Arsenal,0,4,A
2016-17,Tottenham,West Bromwich Albion,4,0,H
2016-17,Watford,Middlesbrough,0,0,D
2016-17,West Ham,Crystal Palace,3,0,H
2016-17,Everton,Manchester City,4,0,H
2016-17,Manchester United,Liverpool,1,1,D
2016-17,Bournemouth,Watford,2,2,D
2016-17,Crystal Palace,Everton,0,1,A
2016-17,Liverpool,Swansea,2,3,A
2016-17,Manchester City,Tottenham,2,2,D
2016-17,Middlesbrough,West Ham,1,3,A
2016-17,Stoke,Manchester United,1,1,D
2016-17,West Bromwich Albion,Sunderland,2,0,H
2016-17,Arsenal,Burnley,2,1,H
2016-17,Chelsea,Hull,2,0,H
2016-17,Southampton,Leicester,3,0,H
2016-17,Arsenal,Watford,1,2,A
2016-17,Bournemouth,Crystal Palace,0,2,A
2016-17,Burnley,Leicester,1,0,H
2016-17,Liverpool,Chelsea,1,1,D
2016-17,Middlesbrough,West Bromwich Albion,1,1,D
2016-17,Sunderland,Tottenham,0,0,D
2016-17,Swansea,Southampton,2,1,H
2016-17,Manchester United,Hull,0,0,D
2016-17,Stoke,Everton,1,1,D
2016-17,West Ham,Manchester City,0,4,A
2016-17,Chelsea,Arsenal,3,1,H
2016-17,Crystal Palace,Sunderland,0,4,A
2016-17,Everton,Bournemouth,6,3,H
2016-17,Hull,Liverpool,2,0,H
2016-17,Southampton,West Ham,1,3,A
2016-17,Tottenham,Middlesbrough,1,0,H
2016-17,Watford,Burnley,2,1,H
2016-17,West Bromwich Albion,Stoke,1,0,H
2016-17,Leicester,Manchester United,0,3,A
2016-17,Manchester City,Swansea,2,1,H
2016-17,Arsenal,Hull,2,0,H
2016-17,Liverpool,Tottenham,2,0,H
2016-17,Manchester United,Watford,2,0,H
2016-17,Middlesbrough,Everton,0,0,D
2016-17,Stoke,Crystal Palace,1,0,H
2016-17,Sunderland,Southampton,0,4,A
2016-17,West Ham,West Bromwich Albion,2,2,D
2016-17,Burnley,Chelsea,1,1,D
2016-17,Swansea,Leicester,2,0,H
2016-17,Bournemouth,Manchester City,0,2,A
2016-17,Chelsea,Swansea,3,1,H
2016-17,Crystal Palace,Middlesbrough,1,0,H
2016-17,Everton,Sunderland,2,0,H
2016-17,Hull,Burnley,1,1,D
2016-17,Watford,West Ham,1,1,D
2016-17,West Bromwich Albion,Bournemouth,2,1,H
2016-17,Tottenham,Stoke,4,0,H
2016-17,Leicester,Liverpool,3,1,H
2016-17,Leicester,Hull,3,1,H
2016-17,Liverpool,Arsenal,3,1,H
2016-17,Manchester United,Bournemouth,1,1,D
2016-17,Stoke,Middlesbrough,2,0,H
2016-17,Swansea,Burnley,3,2,H
2016-17,Watford,Southampton,3,4,A
2016-17,West Bromwich Albion,Crystal Palace,0,2,A
2016-17,Sunderland,Manchester City,0,2,A
2016-17,Tottenham,Everton,3,2,H
2016-17,West Ham,Chelsea,1,2,A
2016-17,Manchester City,Stoke,0,0,D
2016-17,Bournemouth,West Ham,3,2,H
2016-17,Everton,West Bromwich Albion,3,0,H
2016-17,Hull,Swansea,2,1,H
2016-17,Liverpool,Burnley,2,1,H
2016-17,Bournemouth,Swansea,2,0,H
2016-17,Crystal Palace,Watford,1,0,H
2016-17,Everton,Hull,4,0,H
2016-17,Stoke,Chelsea,1,2,A
2016-17,Sunderland,Burnley,0,0,D
2016-17,West Bromwich Albion,Arsenal,3,1,H
2016-17,West Ham,Leicester,2,3,A
2016-17,Manchester City,Liverpool,1,1,D
2016-17,Middlesbrough,Manchester United,1,3,A
2016-17,Tottenham,Southampton,2,1,H
2016-17,Burnley,Tottenham,0,2,A
2016-17,Chelsea,Crystal Palace,1,2,A
2016-17,Hull,West Ham,2,1,H
2016-17,Leicester,Stoke,2,0,H
2016-17,Liverpool,Everton,3,1,H
2016-17,Manchester United,West Bromwich Albion,0,0,D
2016-17,Southampton,Bournemouth,0,0,D
2016-17,Watford,Sunderland,1,0,H
2016-17,Arsenal,Manchester City,2,2,D
2016-17,Swansea,Middlesbrough,0,0,D
2016-17,Burnley,Stoke,1,0,H
2016-17,Leicester,Sunderland,2,0,H
2016-17,Manchester United,Everton,1,1,D
2016-17,Watford,West Bromwich Albion,2,0,H
2016-17,Arsenal,West Ham,3,0,H
2016-17,Chelsea,Manchester City,2,1,H
2016-17,Hull,Middlesbrough,4,2,H
2016-17,Liverpool,Bournemouth,2,2,D
2016-17,Southampton,Crystal Palace,3,1,H
2016-17,Swansea,Tottenham,1,3,A
2016-17,Bournemouth,Chelsea,1,3,A
2016-17,Manchester City,Hull,3,1,H
2016-17,Middlesbrough,Burnley,0,0,D
2016-17,Stoke,Liverpool,1,2,A
2016-17,Tottenham,Watford,4,0,H
2016-17,West Bromwich Albion,Southampton,0,1,A
2016-17,West Ham,Swansea,1,0,H
2016-17,Everton,Leicester,4,2,H
2016-17,Sunderland,Manchester United,0,3,A
2016-17,Crystal Palace,Arsenal,3,0,H
2016-17,Crystal Palace,Leicester,2,2,D
2016-17,Everton,Burnley,3,1,H
2016-17,Southampton,Manchester City,0,3,A
2016-17,Stoke,Hull,3,1,H
2016-17,Sunderland,West Ham,2,2,D
2016-17,Tottenham,Bournemouth,4,0,H
2016-17,Watford,Swansea,1,0,H
2016-17,Manchester United,Chelsea,2,0,H
2016-17,West Bromwich Albion,Liverpool,0,1,A
2016-17,Middlesbrough,Arsenal,1,2,A
2016-17,Bournemouth,Middlesbrough,4,0,H
2016-17,Hull,Watford,2,0,H
2016-17,Swansea,Stoke,2,0,H
2016-17,West Ham,Everton,0,0,D
2016-17,Burnley,Manchester United,0,2,A
2016-17,Liverpool,Crystal Palace,1,2,A
2016-17,Chelsea,Southampton,4,2,H
2016-17,Arsenal,Leicester,1,0,H
2016-17,Crystal Palace,Tottenham,0,1,A
2016-17,Middlesbrough,Sunderland,1,0,H
2016-17,Manchester City,Manchester United,0,0,D
2016-17,Crystal Palace,Burnley,0,2,A
2016-17,Southampton,Hull,0,0,D
2016-17,Stoke,West Ham,0,0,D
2016-17,Sunderland,Bournemouth,0,1,A
2016-17,West Bromwich Albion,Leicester,0,1,A
2016-17,Everton,Chelsea,0,3,A
2016-17,Manchester United,Swansea,1,1,D
2016-17,Middlesbrough,Manchester City,2,2,D
2016-17,Tottenham,Arsenal,2,0,H
2016-17,Watford,Liverpool,0,1,A
2016-17,West Ham,Tottenham,1,0,H
2016-17,Bournemouth,Stoke,2,2,D
2016-17,Burnley,West Bromwich Albion,2,2,D
2016-17,Hull,Sunderland,0,2,A
2016-17,Leicester,Watford,3,0,H
2016-17,Manchester City,Crystal Palace,5,0,H
2016-17,Swansea,Everton,1,0,H
2016-17,Arsenal,Manchester United,2,0,H
2016-17,Liverpool,Southampton,0,0,D
2016-17,Chelsea,Middlesbrough,3,0,H
2016-17,Southampton,Arsenal,0,2,A
2016-17,Everton,Watford,1,0,H
2016-17,West Bromwich Albion,Chelsea,0,1,A
2016-17,Bournemouth,Burnley,2,1,H
2016-17,Manchester City,Leicester,2,1,H
2016-17,Middlesbrough,Southampton,1,2,A
2016-17,Stoke,Arsenal,1,4,A
2016-17,Sunderland,Swansea,0,2,A
2016-17,Crystal Palace,Hull,4,0,H
2016-17,Tottenham,Manchester United,2,1,H
2016-17,West Ham,Liverpool,0,4,A
2016-17,Chelsea,Watford,4,3,H
2016-17,Arsenal,Sunderland,2,0,H
2016-17,Manchester City,West Bromwich Albion,3,1,H
2016-17,Southampton,Manchester United,0,0,D
2016-17,Leicester,Tottenham,1,6,A
2016-17,Arsenal,Everton,3,1,H
2016-17,Burnley,West Ham,1,2,A
2016-17,Chelsea,Sunderland,5,1,H
2016-17,Hull,Tottenham,1,7,A
2016-17,Leicester,Bournemouth,1,1,D
2016-17,Liverpool,Middlesbrough,3,0,H
2016-17,Manchester United,Crystal Palace,2,0,H
2016-17,Southampton,Stoke,0,1,A
2016-17,Swansea,West Bromwich Albion,2,1,H
2016-17,Watford,Manchester City,0,5,A
2017-18,Arsenal,Leicester,4,3,H
2017-18,Brighton,Manchester City,0,2,A
2017-18,Chelsea,Burnley,2,3,A
2017-18,Crystal Palace,Huddersfield,0,3,A
2017-18,Everton,Stoke,1,0,H
2017-18,Southampton,Swansea,0,0,D
2017-18,Watford,Liverpool,3,3,D
2017-18,West Bromwich Albion,Bournemouth,1,0,H
2017-18,Manchester United,West Ham,4,0,H
2017-18,Newcastle United,Tottenham,0,2,A
2017-18,Bournemouth,Watford,0,2,A
2017-18,Burnley,West Bromwich Albion,0,1,A
2017-18,Leicester,Brighton,2,0,H
2017-18,Liverpool,Crystal Palace,1,0,H
2017-18,Southampton,West Ham,3,2,H
2017-18,Stoke,Arsenal,1,0,H
2017-18,Swansea,Manchester United,0,4,A
2017-18,Huddersfield,Newcastle United,1,0,H
2017-18,Tottenham,Chelsea,1,2,A
2017-18,Manchester City,Everton,1,1,D
2017-18,Bournemouth,Manchester City,1,2,A
2017-18,Crystal Palace,Swansea,0,2,A
2017-18,Huddersfield,Southampton,0,0,D
2017-18,Manchester United,Leicester,2,0,H
2017-18,Newcastle United,West Ham,3,0,H
2017-18,Watford,Brighton,0,0,D
2017-18,Chelsea,Everton,2,0,H
2017-18,Liverpool,Arsenal,4,0,H
2017-18,Tottenham,Burnley,1,1,D
2017-18,West Bromwich Albion,Stoke,1,1,D
2017-18,Arsenal,Bournemouth,3,0,H
2017-18,Brighton,West Bromwich Albion,3,1,H
2017-18,Everton,Tottenham,0,3,A
2017-18,Leicester,Chelsea,1,2,A
2017-18,Manchester City,Liverpool,5,0,H
2017-18,Southampton,Watford,0,2,A
2017-18,Stoke,Manchester United,2,2,D
2017-18,Burnley,Crystal Palace,1,0,H
2017-18,Swansea,Newcastle United,0,1,A
2017-18,West Ham,Huddersfield,2,0,H
2017-18,Bournemouth,Brighton,2,1,H
2017-18,Crystal Palace,Southampton,0,1,A
2017-18,Huddersfield,Leicester,1,1,D
2017-18,Liverpool,Burnley,1,1,D
2017-18,Newcastle United,Stoke,2,1,H
2017-18,Tottenham,Swansea,0,0,D
2017-18,Watford,Manchester City,0,6,A
2017-18,West Bromwich Albion,West Ham,0,0,D
2017-18,Chelsea,Arsenal,0,0,D
2017-18,Manchester United,Everton,4,0,H
2017-18,Burnley,Huddersfield,0,0,D
2017-18,Everton,Bournemouth,2,1,H
2017-18,Leicester,Liverpool,2,3,A
2017-18,Manchester City,Crystal Palace,5,0,H
2017-18,Southampton,Manchester United,0,1,A
2017-18,Stoke,Chelsea,0,4,A
2017-18,Swansea,Watford,1,2,A
2017-18,West Ham,Tottenham,2,3,A
2017-18,Brighton,Newcastle United,1,0,H
2017-18,Arsenal,West Bromwich Albion,2,0,H
2017-18,Bournemouth,Leicester,0,0,D
2017-18,Chelsea,Manchester City,0,1,A
2017-18,Huddersfield,Tottenham,0,4,A
2017-18,Manchester United,Crystal Palace,4,0,H
2017-18,Stoke,Southampton,2,1,H
2017-18,West Bromwich Albion,Watford,2,2,D
2017-18,West Ham,Swansea,1,0,H
2017-18,Arsenal,Brighton,2,0,H
2017-18,Everton,Burnley,0,1,A
2017-18,Newcastle United,Liverpool,1,1,D
2017-18,Burnley,West Ham,1,1,D
2017-18,Crystal Palace,Chelsea,2,1,H
2017-18,Liverpool,Manchester United,0,0,D
2017-18,Manchester City,Stoke,7,2,H
2017-18,Swansea,Huddersfield,2,0,H
2017-18,Tottenham,Bournemouth,1,0,H
2017-18,Watford,Arsenal,2,1,H
2017-18,Brighton,Everton,1,1,D
2017-18,Southampton,Newcastle United,2,2,D
2017-18,Leicester,West Bromwich Albion,1,1,D
2017-18,West Ham,Brighton,0,3,A
2017-18,Chelsea,Watford,4,2,H
2017-18,Huddersfield,Manchester United,2,1,H
2017-18,Manchester City,Burnley,3,0,H
2017-18,Newcastle United,Crystal Palace,1,0,H
2017-18,Southampton,West Bromwich Albion,1,0,H
2017-18,Stoke,Bournemouth,1,2,A
2017-18,Swansea,Leicester,1,2,A
2017-18,Everton,Arsenal,2,5,A
2017-18,Tottenham,Liverpool,4,1,H
2017-18,Arsenal,Swansea,2,1,H
2017-18,Bournemouth,Chelsea,0,1,A
2017-18,Crystal Palace,West Ham,2,2,D
2017-18,Liverpool,Huddersfield,3,0,H
2017-18,Manchester United,Tottenham,1,0,H
2017-18,Watford,Stoke,0,1,A
2017-18,West Bromwich Albion,Manchester City,2,3,A
2017-18,Brighton,Southampton,1,1,D
2017-18,Leicester,Everton,2,0,H
2017-18,Burnley,Newcastle United,1,0,H
2017-18,Huddersfield,West Bromwich Albion,1,0,H
2017-18,Newcastle United,Bournemouth,0,1,A
2017-18,Southampton,Burnley,0,1,A
2017-18,Stoke,Leicester,2,2,D
2017-18,Swansea,Brighton,0,1,A
2017-18,West Ham,Liverpool,1,4,A
2017-18,Chelsea,Manchester United,1,0,H
2017-18,Everton,Watford,3,2,H
2017-18,Manchester City,Arsenal,3,1,H
2017-18,Tottenham,Crystal Palace,1,0,H
2017-18,Arsenal,Tottenham,2,0,H
2017-18,Bournemouth,Huddersfield,4,0,H
2017-18,Burnley,Swansea,2,0,H
2017-18,Crystal Palace,Everton,2,2,D
2017-18,Leicester,Manchester City,0,2,A
2017-18,Liverpool,Southampton,3,0,H
2017-18,Manchester United,Newcastle United,4,1,H
2017-18,West Bromwich Albion,Chelsea,0,4,A
2017-18,Watford,West Ham,2,0,H
2017-18,Brighton,Stoke,2,2,D
2017-18,West Ham,Leicester,1,1,D
2017-18,Crystal Palace,Stoke,2,1,H
2017-18,Liverpool,Chelsea,1,1,D
2017-18,Manchester United,Brighton,1,0,H
2017-18,Newcastle United,Watford,0,3,A
2017-18,Swansea,Bournemouth,0,0,D
2017-18,Tottenham,West Bromwich Albion,1,1,D
2017-18,Burnley,Arsenal,0,1,A
2017-18,Huddersfield,Manchester City,1,2,A
2017-18,Southampton,Everton,4,1,H
2017-18,Brighton,Crystal Palace,0,0,D
2017-18,Leicester,Tottenham,2,1,H
2017-18,Watford,Manchester United,2,4,A
2017-18,West Bromwich Albion,Newcastle United,2,2,D
2017-18,Arsenal,Huddersfield,5,0,H
2017-18,Bournemouth,Burnley,1,2,A
2017-18,Chelsea,Swansea,1,0,H
2017-18,Everton,West Ham,4,0,H
2017-18,Manchester City,Southampton,2,1,H
2017-18,Stoke,Liverpool,0,3,A
2017-18,Arsenal,Manchester United,1,3,A
2017-18,Brighton,Liverpool,1,5,A
2017-18,Chelsea,Newcastle United,3,1,H
2017-18,Everton,Huddersfield,2,0,H
2017-18,Leicester,Burnley,1,0,H
2017-18,Stoke,Swansea,2,1,H
2017-18,Watford,Tottenham,1,1,D
2017-18,West Bromwich Albion,Crystal Palace,0,0,D
2017-18,Bournemouth,Southampton,1,1,D
2017-18,Manchester City,West Ham,2,1,H
2017-18,Burnley,Watford,1,0,H
2017-18,Crystal Palace,Bournemouth,2,2,D
2017-18,Huddersfield,Brighton,2,0,H
2017-18,Newcastle United,Leicester,2,3,A
2017-18,Swansea,West Bromwich Albion,1,0,H
2017-18,Tottenham,Stoke,5,1,H
2017-18,West Ham,Chelsea,1,0,H
2017-18,Liverpool,Everton,1,1,D
2017-18,Manchester United,Manchester City,1,2,A
2017-18,Southampton,Arsenal,1,1,D
2017-18,Burnley,Stoke,1,0,H
2017-18,Crystal Palace,Watford,2,1,H
2017-18,Huddersfield,Chelsea,1,3,A
2017-18,Liverpool,West Bromwich Albion,0,0,D
2017-18,Manchester United,Bournemouth,1,0,H
2017-18,Newcastle United,Everton,0,1,A
2017-18,Southampton,Leicester,1,4,A
2017-18,Swansea,Manchester City,0,4,A
2017-18,Tottenham,Brighton,2,0,H
2017-18,West Ham,Arsenal,0,0,D
2017-18,Arsenal,Newcastle United,1,0,H
2017-18,Brighton,Burnley,0,0,D
2017-18,Chelsea,Southampton,1,0,H
2017-18,Leicester,Crystal Palace,0,3,A
2017-18,Manchester City,Tottenham,4,1,H
2017-18,Stoke,West Ham,0,3,A
2017-18,Watford,Huddersfield,1,4,A
2017-18,Bournemouth,Liverpool,0,4,A
2017-18,West Bromwich Albion,Manchester United,1,2,A
2017-18,Everton,Swansea,3,1,H
2017-18,Arsenal,Liverpool,3,3,D
2017-18,Brighton,Watford,1,0,H
2017-18,Burnley,Tottenham,0,3,A
2017-18,Everton,Chelsea,0,0,D
2017-18,Leicester,Manchester United,2,2,D
2017-18,Manchester City,Bournemouth,4,0,H
2017-18,Southampton,Huddersfield,1,1,D
2017-18,Stoke,West Bromwich Albion,3,1,H
2017-18,Swansea,Crystal Palace,1,1,D
2017-18,West Ham,Newcastle United,2,3,A
2017-18,Bournemouth,West Ham,3,3,D
2017-18,Chelsea,Brighton,2,0,H
2017-18,Huddersfield,Stoke,1,1,D
2017-18,Liverpool,Swansea,5,0,H
2017-18,Manchester United,Burnley,2,2,D
2017-18,Tottenham,Southampton,5,2,H
2017-18,Watford,Leicester,2,1,H
2017-18,West Bromwich Albion,Everton,0,0,D
2017-18,Newcastle United,Manchester City,0,1,A
2017-18,Crystal Palace,Arsenal,2,3,A
2017-18,Bournemouth,Everton,2,1,H
2017-18,Chelsea,Stoke,5,0,H
2017-18,Huddersfield,Burnley,0,0,D
2017-18,Liverpool,Leicester,2,1,H
2017-18,Manchester United,Southampton,0,0,D
2017-18,Newcastle United,Brighton,0,0,D
2017-18,Watford,Swansea,1,2,A
2017-18,Crystal Palace,Manchester City,0,0,D
2017-18,West Bromwich Albion,Arsenal,1,1,D
2017-18,Brighton,Bournemouth,2,2,D
2017-18,Burnley,Liverpool,1,2,A
2017-18,Everton,Manchester United,0,2,A
2017-18,Leicester,Huddersfield,3,0,H
2017-18,Stoke,Newcastle United,0,1,A
2017-18,Manchester City,Watford,3,1,H
2017-18,Southampton,Crystal Palace,1,2,A
2017-18,Swansea,Tottenham,0,2,A
2017-18,West Ham,West Bromwich Albion,2,1,H
2017-18,Arsenal,Chelsea,2,2,D
2017-18,Tottenham,West Ham,1,1,D
2017-18,Chelsea,Leicester,0,0,D
2017-18,Crystal Palace,Burnley,1,0,H
2017-18,Huddersfield,West Ham,1,4,A
2017-18,Newcastle United,Swansea,1,1,D
2017-18,Tottenham,Everton,4,0,H
2017-18,Watford,Southampton,2,2,D
2017-18,West Bromwich Albion,Brighton,2,0,H
2017-18,Bournemouth,Arsenal,2,1,H
2017-18,Liverpool,Manchester City,4,3,H
2017-18,Manchester United,Stoke,3,0,H
2017-18,Arsenal,Crystal Palace,4,1,H
2017-18,Brighton,Chelsea,0,4,A
2017-18,Burnley,Manchester United,0,1,A
2017-18,Everton,West Bromwich Albion,1,1,D
2017-18,Leicester,Watford,2,0,H
2017-18,Manchester City,Newcastle United,3,1,H
2017-18,Stoke,Huddersfield,2,0,H
2017-18,West Ham,Bournemouth,1,1,D
2017-18,Southampton,Tottenham,1,1,D
2017-18,Swansea,Liverpool,1,0,H
2017-18,Huddersfield,Liverpool,0,3,A
2017-18,Swansea,Arsenal,3,1,H
2017-18,West Ham,Crystal Palace,1,1,D
2017-18,Chelsea,Bournemouth,0,3,A
2017-18,Everton,Leicester,2,1,H
2017-18,Manchester City,West Bromwich Albion,3,0,H
2017-18,Newcastle United,Burnley,1,1,D
2017-18,Southampton,Brighton,1,1,D
2017-18,Stoke,Watford,0,0,D
2017-18,Tottenham,Manchester United,2,0,H
2017-18,Arsenal,Everton,5,1,H
2017-18,Bournemouth,Stoke,2,1,H
2017-18,Brighton,West Ham,3,1,H
2017-18,Burnley,Manchester City,1,1,D
2017-18,Leicester,Swansea,1,1,D
2017-18,Manchester United,Huddersfield,2,0,H
2017-18,West Bromwich Albion,Southampton,2,3,A
2017-18,Crystal Palace,Newcastle United,1,1,D
2017-18,Liverpool,Tottenham,2,2,D
2017-18,Watford,Chelsea,4,1,H
2017-18,Everton,Crystal Palace,3,1,H
2017-18,Manchester City,Leicester,5,1,H
2017-18,Stoke,Brighton,1,1,D
2017-18,Swansea,Burnley,1,0,H
2017-18,Tottenham,Arsenal,1,0,H
2017-18,West Ham,Watford,2,0,H
2017-18,Huddersfield,Bournemouth,4,1,H
2017-18,Newcastle United,Manchester United,1,0,H
2017-18,Southampton,Liverpool,0,2,A
2017-18,Chelsea,West Bromwich Albion,3,0,H
2017-18,Bournemouth,Newcastle United,2,2,D
2017-18,Brighton,Swansea,4,1,H
2017-18,Burnley,Southampton,1,1,D
2017-18,Leicester,Stoke,1,1,D
2017-18,Liverpool,West Ham,4,1,H
2017-18,Watford,Everton,1,0,H
2017-18,West Bromwich Albion,Huddersfield,1,2,A
2017-18,Crystal Palace,Tottenham,0,1,A
2017-18,Manchester United,Chelsea,2,1,H
2017-18,Arsenal,Manchester City,0,3,A
2017-18,Burnley,Everton,2,1,H
2017-18,Leicester,Bournemouth,1,1,D
2017-18,Liverpool,Newcastle United,2,0,H
2017-18,Southampton,Stoke,0,0,D
2017-18,Swansea,West Ham,4,1,H
2017-18,Tottenham,Huddersfield,2,0,H
2017-18,Watford,West Bromwich Albion,1,0,H
2017-18,Brighton,Arsenal,2,1,H
2017-18,Manchester City,Chelsea,1,0,H
2017-18,Crystal Palace,Manchester United,2,3,A
2017-18,Chelsea,Crystal Palace,2,1,H
2017-18,Everton,Brighton,2,0,H
2017-18,Huddersfield,Swansea,0,0,D
2017-18,Manchester United,Liverpool,2,1,H
2017-18,Newcastle United,Southampton,3,0,H
2017-18,West Bromwich Albion,Leicester,1,4,A
2017-18,West Ham,Burnley,0,3,A
2017-18,Arsenal,Watford,3,0,H
2017-18,Bournemouth,Tottenham,1,4,A
2017-18,Stoke,Manchester City,0,2,A
2017-18,Bournemouth,West Bromwich Albion,2,1,H
2017-18,Huddersfield,Crystal Palace,0,2,A
2017-18,Liverpool,Watford,5,0,H
2017-18,Stoke,Everton,1,2,A
2017-18,Brighton,Leicester,0,2,A
2017-18,Crystal Palace,Liverpool,1,2,A
2017-18,Everton,Manchester City,1,3,A
2017-18,Manchester United,Swansea,2,0,H
2017-18,Newcastle United,Huddersfield,1,0,H
2017-18,Watford,Bournemouth,2,2,D
2017-18,West Bromwich Albion,Burnley,1,2,A
2017-18,West Ham,Southampton,3,0,H
2017-18,Arsenal,Stoke,3,0,H
2017-18,Chelsea,Tottenham,1,3,A
2017-18,Bournemouth,Crystal Palace,2,2,D
2017-18,Brighton,Huddersfield,1,1,D
2017-18,Everton,Liverpool,0,0,D
2017-18,Leicester,Newcastle United,1,2,A
2017-18,Manchester City,Manchester United,2,3,A
2017-18,Stoke,Tottenham,1,2,A
2017-18,Watford,Burnley,1,2,A
2017-18,West Bromwich Albion,Swansea,1,1,D
2017-18,Arsenal,Southampton,3,2,H
2017-18,Chelsea,West Ham,1,1,D
2017-18,Burnley,Leicester,2,1,H
2017-18,Crystal Palace,Brighton,3,2,H
2017-18,Huddersfield,Watford,1,0,H
2017-18,Liverpool,Bournemouth,3,0,H
2017-18,Southampton,Chelsea,2,3,A
2017-18,Swansea,Everton,1,1,D
2017-18,Tottenham,Manchester City,1,3,A
2017-18,Manchester United,West Bromwich Albion,0,1,A
2017-18,Newcastle United,Arsenal,2,1,H
2017-18,West Ham,Stoke,1,1,D
2017-18,Brighton,Tottenham,1,1,D
2017-18,Bournemouth,Manchester United,0,2,A
2017-18,Burnley,Chelsea,1,2,A
2017-18,Leicester,Southampton,0,0,D
2017-18,Watford,Crystal Palace,0,0,D
2017-18,West Bromwich Albion,Liverpool,2,2,D
2017-18,Arsenal,West Ham,4,1,H
2017-18,Manchester City,Swansea,5,0,H
2017-18,Stoke,Burnley,1,1,D
2017-18,Everton,Newcastle United,1,0,H
2017-18,Burnley,Brighton,0,0,D
2017-18,Crystal Palace,Leicester,5,0,H
2017-18,Huddersfield,Everton,0,2,A
2017-18,Liverpool,Stoke,0,0,D
2017-18,Newcastle United,West Bromwich Albion,0,1,A
2017-18,Southampton,Bournemouth,2,1,H
2017-18,Swansea,Chelsea,0,1,A
2017-18,Manchester United,Arsenal,2,1,H
2017-18,West Ham,Manchester City,1,4,A
2017-18,Tottenham,Watford,2,0,H
2017-18,Brighton,Manchester United,1,0,H
2017-18,Bournemouth,Swansea,1,0,H
2017-18,Everton,Southampton,1,1,D
2017-18,Leicester,West Ham,0,2,A
2017-18,Stoke,Crystal Palace,1,2,A
2017-18,Watford,Newcastle United,2,1,H
2017-18,West Bromwich Albion,Tottenham,1,0,H
2017-18,Arsenal,Burnley,5,0,H
2017-18,Chelsea,Liverpool,1,0,H
2017-18,Manchester City,Huddersfield,0,0,D
2017-18,Swansea,Southampton,0,1,A
2017-18,Chelsea,Huddersfield,1,1,D
2017-18,Leicester,Arsenal,3,1,H
2017-18,Manchester City,Brighton,3,1,H
2017-18,Tottenham,Newcastle United,1,0,H
2017-18,West Ham,Manchester United,0,0,D
2017-18,Burnley,Bournemouth,1,2,A
2017-18,Crystal Palace,West Bromwich Albion,2,0,H
2017-18,Huddersfield,Arsenal,0,1,A
2017-18,Liverpool,Brighton,4,0,H
2017-18,Manchester United,Watford,1,0,H
2017-18,Newcastle United,Chelsea,3,0,H
2017-18,Southampton,Manchester City,0,1,A
2017-18,Swansea,Stoke,1,2,A
2017-18,Tottenham,Leicester,5,4,H
2017-18,West Ham,Everton,3,1,H
2018-19,Manchester United,Leicester,2,1,H
2018-19,Bournemouth,Cardiff,2,0,H
2018-19,Fulham,Crystal Palace,0,2,A
2018-19,Huddersfield,Chelsea,0,3,A
2018-19,Newcastle United,Tottenham,1,2,A
2018-19,Watford,Brighton,2,0,H
2018-19,Wolverhampton Wanderers,Everton,2,2,D
2018-19,Arsenal,Manchester City,0,2,A
2018-19,Liverpool,West Ham,4,0,H
2018-19,Southampton,Burnley,0,0,D
2018-19,Cardiff,Newcastle United,0,0,D
2018-19,Chelsea,Arsenal,3,2,H
2018-19,Everton,Southampton,2,1,H
2018-19,Leicester,Wolverhampton Wanderers,2,0,H
2018-19,Tottenham,Fulham,3,1,H
2018-19,West Ham,Bournemouth,1,2,A
2018-19,Brighton,Manchester United,3,2,H
2018-19,Burnley,Watford,1,3,A
2018-19,Manchester City,Huddersfield,6,1,H
2018-19,Crystal Palace,Liverpool,0,2,A
2018-19,Arsenal,West Ham,3,1,H
2018-19,Bournemouth,Everton,2,2,D
2018-19,Huddersfield,Cardiff,0,0,D
2018-19,Liverpool,Brighton,1,0,H
2018-19,Southampton,Leicester,1,2,A
2018-19,Wolverhampton Wanderers,Manchester City,1,1,D
2018-19,Fulham,Burnley,4,2,H
2018-19,Newcastle United,Chelsea,1,2,A
2018-19,Watford,Crystal Palace,2,1,H
2018-19,Manchester United,Tottenham,0,3,A
2018-19,Brighton,Fulham,2,2,D
2018-19,Chelsea,Bournemouth,2,0,H
2018-19,Crystal Palace,Southampton,0,2,A
2018-19,Everton,Huddersfield,1,1,D
2018-19,Leicester,Liverpool,1,2,A
2018-19,Manchester City,Newcastle United,2,1,H
2018-19,West Ham,Wolverhampton Wanderers,0,1,A
2018-19,Burnley,Manchester United,0,2,A
2018-19,Cardiff,Arsenal,2,3,A
2018-19,Watford,Tottenham,2,1,H
2018-19,Bournemouth,Leicester,4,2,H
2018-19,Chelsea,Cardiff,4,1,H
2018-19,Huddersfield,Crystal Palace,0,1,A
2018-19,Manchester City,Fulham,3,0,H
2018-19,Newcastle United,Arsenal,1,2,A
2018-19,Tottenham,Liverpool,1,2,A
2018-19,Watford,Manchester United,1,2,A
2018-19,Everton,West Ham,1,3,A
2018-19,Wolverhampton Wanderers,Burnley,1,0,H
2018-19,Southampton,Brighton,2,2,D
2018-19,Brighton,Tottenham,1,2,A
2018-19,Burnley,Bournemouth,4,0,H
2018-19,Cardiff,Manchester City,0,5,A
2018-19,Crystal Palace,Newcastle United,0,0,D
2018-19,Fulham,Watford,1,1,D
2018-19,Leicester,Huddersfield,3,1,H
2018-19,Liverpool,Southampton,3,0,H
2018-19,Manchester United,Wolverhampton Wanderers,1,1,D
2018-19,Arsenal,Everton,2,0,H
2018-19,West Ham,Chelsea,0,0,D
2018-19,Arsenal,Watford,2,0,H
2018-19,Chelsea,Liverpool,1,1,D
2018-19,Everton,Fulham,3,0,H
2018-19,Huddersfield,Tottenham,0,2,A
2018-19,Manchester City,Brighton,2,0,H
2018-19,Newcastle United,Leicester,0,2,A
2018-19,West Ham,Manchester United,3,1,H
2018-19,Wolverhampton Wanderers,Southampton,2,0,H
2018-19,Cardiff,Burnley,1,2,A
2018-19,Bournemouth,Crystal Palace,2,1,H
2018-19,Brighton,West Ham,1,0,H
2018-19,Burnley,Huddersfield,1,1,D
2018-19,Crystal Palace,Wolverhampton Wanderers,0,1,A
2018-19,Leicester,Everton,1,2,A
2018-19,Manchester United,Newcastle United,3,2,H
2018-19,Tottenham,Cardiff,1,0,H
2018-19,Watford,Bournemouth,0,4,A
2018-19,Fulham,Arsenal,1,5,A
2018-19,Liverpool,Manchester City,0,0,D
2018-19,Southampton,Chelsea,0,3,A
2018-19,Bournemouth,Southampton,0,0,D
2018-19,Cardiff,Fulham,4,2,H
2018-19,Chelsea,Manchester United,2,2,D
2018-19,Huddersfield,Liverpool,0,1,A
2018-19,Manchester City,Burnley,5,0,H
2018-19,Newcastle United,Brighton,0,1,A
2018-19,West Ham,Tottenham,0,1,A
2018-19,Wolverhampton Wanderers,Watford,0,2,A
2018-19,Everton,Crystal Palace,2,0,H
2018-19,Arsenal,Leicester,3,1,H
2018-19,Brighton,Wolverhampton Wanderers,1,0,H
2018-19,Fulham,Bournemouth,0,3,A
2018-19,Leicester,West Ham,1,1,D
2018-19,Liverpool,Cardiff,4,1,H
2018-19,Southampton,Newcastle United,0,0,D
2018-19,Watford,Huddersfield,3,0,H
2018-19,Burnley,Chelsea,0,4,A
2018-19,Crystal Palace,Arsenal,2,2,D
2018-19,Manchester United,Everton,2,1,H
2018-19,Tottenham,Manchester City,0,1,A
2018-19,Arsenal,Liverpool,1,1,D
2018-19,Bournemouth,Manchester United,1,2,A
2018-19,Cardiff,Leicester,0,1,A
2018-19,Everton,Brighton,3,1,H
2018-19,Newcastle United,Watford,1,0,H
2018-19,West Ham,Burnley,4,2,H
2018-19,Wolverhampton Wanderers,Tottenham,2,3,A
2018-19,Chelsea,Crystal Palace,3,1,H
2018-19,Manchester City,Southampton,6,1,H
2018-19,Huddersfield,Fulham,1,0,H
2018-19,Cardiff,Brighton,2,1,H
2018-19,Crystal Palace,Tottenham,0,1,A
2018-19,Huddersfield,West Ham,1,1,D
2018-19,Leicester,Burnley,0,0,D
2018-19,Newcastle United,Bournemouth,2,1,H
2018-19,Southampton,Watford,1,1,D
2018-19,Arsenal,Wolverhampton Wanderers,1,1,D
2018-19,Chelsea,Everton,0,0,D
2018-19,Liverpool,Fulham,2,0,H
2018-19,Manchester City,Manchester United,3,1,H
2018-19,Brighton,Leicester,1,1,D
2018-19,Everton,Cardiff,1,0,H
2018-19,Fulham,Southampton,3,2,H
2018-19,Manchester United,Crystal Palace,0,0,D
2018-19,Tottenham,Chelsea,3,1,H
2018-19,Watford,Liverpool,0,3,A
2018-19,West Ham,Manchester City,0,4,A
2018-19,Bournemouth,Arsenal,1,2,A
2018-19,Wolverhampton Wanderers,Huddersfield,0,2,A
2018-19,Burnley,Newcastle United,1,2,A
2018-19,Cardiff,Wolverhampton Wanderers,2,1,H
2018-19,Crystal Palace,Burnley,2,0,H
2018-19,Huddersfield,Brighton,1,2,A
2018-19,Leicester,Watford,2,0,H
2018-19,Manchester City,Bournemouth,3,1,H
2018-19,Newcastle United,West Ham,0,3,A
2018-19,Southampton,Manchester United,2,2,D
2018-19,Arsenal,Tottenham,4,2,H
2018-19,Chelsea,Fulham,2,0,H
2018-19,Liverpool,Everton,1,0,H
2018-19,Bournemouth,Huddersfield,2,1,H
2018-19,Brighton,Crystal Palace,3,1,H
2018-19,Watford,Manchester City,1,2,A
2018-19,West Ham,Cardiff,3,1,H
2018-19,Burnley,Liverpool,1,3,A
2018-19,Everton,Newcastle United,1,1,D
2018-19,Fulham,Leicester,1,1,D
2018-19,Manchester United,Arsenal,2,2,D
2018-19,Tottenham,Southampton,3,1,H
2018-19,Wolverhampton Wanderers,Chelsea,2,1,H
2018-19,Arsenal,Huddersfield,1,0,H
2018-19,Bournemouth,Liverpool,0,4,A
2018-19,Burnley,Brighton,1,0,H
2018-19,Cardiff,Southampton,1,0,H
2018-19,Chelsea,Manchester City,2,0,H
2018-19,Leicester,Tottenham,0,2,A
2018-19,Manchester United,Fulham,4,1,H
2018-19,West Ham,Crystal Palace,3,2,H
2018-19,Newcastle United,Wolverhampton Wanderers,1,2,A
2018-19,Everton,Watford,2,2,D
2018-19,Crystal Palace,Leicester,1,0,H
2018-19,Fulham,West Ham,0,2,A
2018-19,Huddersfield,Newcastle United,0,1,A
2018-19,Manchester City,Everton,3,1,H
2018-19,Tottenham,Burnley,1,0,H
2018-19,Watford,Cardiff,3,2,H
2018-19,Wolverhampton Wanderers,Bournemouth,2,0,H
2018-19,Brighton,Chelsea,1,2,A
2018-19,Liverpool,Manchester United,3,1,H
2018-19,Southampton,Arsenal,3,2,H
2018-19,Wolverhampton Wanderers,Liverpool,0,2,A
2018-19,Arsenal,Burnley,3,1,H
2018-19,Bournemouth,Brighton,2,0,H
2018-19,Cardiff,Manchester United,1,5,A
2018-19,Chelsea,Leicester,0,1,A
2018-19,Huddersfield,Southampton,1,3,A
2018-19,Manchester City,Crystal Palace,2,3,A
2018-19,Newcastle United,Fulham,0,0,D
2018-19,West Ham,Watford,0,2,A
2018-19,Everton,Tottenham,2,6,A
2018-19,Brighton,Arsenal,1,1,D
2018-19,Burnley,Everton,1,5,A
2018-19,Crystal Palace,Cardiff,0,0,D
2018-19,Fulham,Wolverhampton Wanderers,1,1,D
2018-19,Leicester,Manchester City,2,1,H
2018-19,Liverpool,Newcastle United,4,0,H
2018-19,Manchester United,Huddersfield,3,1,H
2018-19,Tottenham,Bournemouth,5,0,H
2018-19,Watford,Chelsea,1,2,A
2018-19,Southampton,West Ham,1,2,A
2018-19,Brighton,Everton,1,0,H
2018-19,Fulham,Huddersfield,1,0,H
2018-19,Leicester,Cardiff,0,1,A
2018-19,Liverpool,Arsenal,5,1,H
2018-19,Tottenham,Wolverhampton Wanderers,1,3,A
2018-19,Watford,Newcastle United,1,1,D
2018-19,Burnley,West Ham,2,0,H
2018-19,Crystal Palace,Chelsea,0,1,A
2018-19,Manchester United,Bournemouth,4,1,H
2018-19,Southampton,Manchester City,1,3,A
2018-19,Arsenal,Fulham,4,1,H
2018-19,Cardiff,Tottenham,0,3,A
2018-19,Everton,Leicester,0,1,A
2018-19,Bournemouth,Watford,3,3,D
2018-19,Chelsea,Southampton,0,0,D
2018-19,Huddersfield,Burnley,1,2,A
2018-19,Newcastle United,Manchester United,0,2,A
2018-19,West Ham,Brighton,2,2,D
2018-19,Wolverhampton Wanderers,Crystal Palace,0,2,A
2018-19,Manchester City,Liverpool,2,1,H
2018-19,Brighton,Liverpool,0,1,A
2018-19,Burnley,Fulham,2,1,H
2018-19,Cardiff,Huddersfield,0,0,D
2018-19,Chelsea,Newcastle United,2,1,H
2018-19,Crystal Palace,Watford,1,2,A
2018-19,Leicester,Southampton,1,2,A
2018-19,West Ham,Arsenal,1,0,H
2018-19,Everton,Bournemouth,2,0,H
2018-19,Tottenham,Manchester United,0,1,A
2018-19,Manchester City,Wolverhampton Wanderers,3,0,H
2018-19,Arsenal,Chelsea,2,0,H
2018-19,Bournemouth,West Ham,2,0,H
2018-19,Liverpool,Crystal Palace,4,3,H
2018-19,Manchester United,Brighton,2,1,H
2018-19,Newcastle United,Cardiff,3,0,H
2018-19,Southampton,Everton,2,1,H
2018-19,Watford,Burnley,0,0,D
2018-19,Wolverhampton Wanderers,Leicester,4,3,H
2018-19,Fulham,Tottenham,1,2,A
2018-19,Huddersfield,Manchester City,0,3,A
2018-19,Arsenal,Cardiff,2,1,H
2018-19,Fulham,Brighton,4,2,H
2018-19,Huddersfield,Everton,0,1,A
2018-19,Manchester United,Burnley,2,2,D
2018-19,Newcastle United,Manchester City,2,1,H
2018-19,Wolverhampton Wanderers,West Ham,3,0,H
2018-19,Bournemouth,Chelsea,4,0,H
2018-19,Liverpool,Leicester,1,1,D
2018-19,Southampton,Crystal Palace,1,1,D
2018-19,Tottenham,Watford,2,1,H
2018-19,Brighton,Watford,0,0,D
2018-19,Burnley,Southampton,1,1,D
2018-19,Cardiff,Bournemouth,2,0,H
2018-19,Chelsea,Huddersfield,5,0,H
2018-19,Crystal Palace,Fulham,2,0,H
2018-19,Everton,Wolverhampton Wanderers,1,3,A
2018-19,Tottenham,Newcastle United,1,0,H
2018-19,Leicester,Manchester United,0,1,A
2018-19,Manchester City,Arsenal,3,1,H
2018-19,West Ham,Liverpool,1,1,D
2018-19,Everton,Manchester City,0,2,A
2018-19,Brighton,Burnley,1,3,A
2018-19,Crystal Palace,West Ham,1,1,D
2018-19,Fulham,Manchester United,0,3,A
2018-19,Huddersfield,Arsenal,1,2,A
2018-19,Liverpool,Bournemouth,3,0,H
2018-19,Southampton,Cardiff,1,2,A
2018-19,Watford,Everton,1,0,H
2018-19,Manchester City,Chelsea,6,0,H
2018-19,Tottenham,Leicester,3,1,H
2018-19,Wolverhampton Wanderers,Newcastle United,1,1,D
2018-19,Cardiff,Watford,1,5,A
2018-19,West Ham,Fulham,3,1,H
2018-19,Bournemouth,Wolverhampton Wanderers,1,1,D
2018-19,Burnley,Tottenham,2,1,H
2018-19,Leicester,Crystal Palace,1,4,A
2018-19,Newcastle United,Huddersfield,2,0,H
2018-19,Arsenal,Southampton,2,0,H
2018-19,Manchester United,Liverpool,0,0,D
2018-19,Cardiff,Everton,0,3,A
2018-19,Huddersfield,Wolverhampton Wanderers,1,0,H
2018-19,Leicester,Brighton,2,1,H
2018-19,Newcastle United,Burnley,2,0,H
2018-19,Arsenal,Bournemouth,5,1,H
2018-19,Chelsea,Tottenham,2,0,H
2018-19,Crystal Palace,Manchester United,1,3,A
2018-19,Liverpool,Watford,5,0,H
2018-19,Manchester City,West Ham,1,0,H
2018-19,Southampton,Fulham,2,0,H
2018-19,Bournemouth,Manchester City,0,1,A
2018-19,Brighton,Huddersfield,1,0,H
2018-19,Burnley,Crystal Palace,1,3,A
2018-19,Manchester United,Southampton,3,2,H
2018-19,Tottenham,Arsenal,1,1,D
2018-19,West Ham,Newcastle United,2,0,H
2018-19,Wolverhampton Wanderers,Cardiff,2,0,H
2018-19,Everton,Liverpool,0,0,D
2018-19,Fulham,Chelsea,1,2,A
2018-19,Watford,Leicester,2,1,H
2018-19,Cardiff,West Ham,2,0,H
2018-19,Crystal Palace,Brighton,1,2,A
2018-19,Huddersfield,Bournemouth,0,2,A
2018-19,Leicester,Fulham,3,1,H
2018-19,Manchester City,Watford,3,1,H
2018-19,Newcastle United,Everton,3,2,H
2018-19,Southampton,Tottenham,2,1,H
2018-19,Arsenal,Manchester United,2,0,H
2018-19,Chelsea,Wolverhampton Wanderers,1,1,D
2018-19,Liverpool,Burnley,4,2,H
2018-19,Bournemouth,Newcastle United,2,2,D
2018-19,Burnley,Leicester,1,2,A
2018-19,West Ham,Huddersfield,4,3,H
2018-19,Everton,Chelsea,2,0,H
2018-19,Fulham,Liverpool,1,2,A
2018-19,Brighton,Southampton,0,1,A
2018-19,Burnley,Wolverhampton Wanderers,2,0,H
2018-19,Crystal Palace,Huddersfield,2,0,H
2018-19,Fulham,Manchester City,0,2,A
2018-19,Leicester,Bournemouth,2,0,H
2018-19,Manchester United,Watford,2,1,H
2018-19,West Ham,Everton,0,2,A
2018-19,Cardiff,Chelsea,1,2,A
2018-19,Liverpool,Tottenham,2,1,H
2018-19,Arsenal,Newcastle United,2,0,H
2018-19,Watford,Fulham,4,1,H
2018-19,Wolverhampton Wanderers,Manchester United,2,1,H
2018-19,Chelsea,Brighton,3,0,H
2018-19,Manchester City,Cardiff,2,0,H
2018-19,Tottenham,Crystal Palace,2,0,H
2018-19,Southampton,Liverpool,1,3,A
2018-19,Bournemouth,Burnley,1,3,A
2018-19,Huddersfield,Leicester,1,4,A
2018-19,Newcastle United,Crystal Palace,0,1,A
2018-19,Everton,Arsenal,1,0,H
2018-19,Chelsea,West Ham,2,0,H
2018-19,Leicester,Newcastle United,0,1,A
2018-19,Brighton,Bournemouth,0,5,A
2018-19,Burnley,Cardiff,2,0,H
2018-19,Fulham,Everton,2,0,H
2018-19,Manchester United,West Ham,2,1,H
2018-19,Southampton,Wolverhampton Wanderers,3,1,H
2018-19,Tottenham,Huddersfield,4,0,H
2018-19,Crystal Palace,Manchester City,1,3,A
2018-19,Liverpool,Chelsea,2,0,H
2018-19,Watford,Arsenal,0,1,A
2018-19,Brighton,Cardiff,0,2,A
2018-19,Bournemouth,Fulham,0,1,A
2018-19,Huddersfield,Watford,1,2,A
2018-19,Manchester City,Tottenham,1,0,H
2018-19,Newcastle United,Southampton,3,1,H
2018-19,West Ham,Leicester,2,2,D
2018-19,Wolverhampton Wanderers,Brighton,0,0,D
2018-19,Arsenal,Crystal Palace,2,3,A
2018-19,Cardiff,Liverpool,0,2,A
2018-19,Everton,Manchester United,4,0,H
2018-19,Chelsea,Burnley,2,2,D
2018-19,Tottenham,Brighton,1,0,H
2018-19,Watford,Southampton,1,1,D
2018-19,Manchester United,Manchester City,0,2,A
2018-19,Wolverhampton Wanderers,Arsenal,3,1,H
2018-19,Liverpool,Huddersfield,5,0,H
2018-19,Brighton,Newcastle United,1,1,D
2018-19,Crystal Palace,Everton,0,0,D
2018-19,Fulham,Cardiff,1,0,H
2018-19,Southampton,Bournemouth,3,3,D
2018-19,Tottenham,West Ham,0,1,A
2018-19,Watford,Wolverhampton Wanderers,1,2,A
2018-19,Burnley,Manchester City,0,1,A
2018-19,Leicester,Arsenal,3,0,H
2018-19,Manchester United,Chelsea,1,1,D
2018-19,Everton,Burnley,2,0,H
2018-19,Bournemouth,Tottenham,1,0,H
2018-19,Cardiff,Crystal Palace,2,3,A
2018-19,Newcastle United,Liverpool,2,3,A
2018-19,West Ham,Southampton,3,0,H
2018-19,Wolverhampton Wanderers,Fulham,1,0,H
2018-19,Arsenal,Brighton,1,1,D
2018-19,Chelsea,Watford,3,0,H
2018-19,Huddersfield,Manchester United,1,1,D
2018-19,Manchester City,Leicester,1,0,H
2018-19,Brighton,Manchester City,1,4,A
2018-19,Burnley,Arsenal,1,3,A
2018-19,Crystal Palace,Bournemouth,5,3,H
2018-19,Fulham,Newcastle United,0,4,A
2018-19,Leicester,Chelsea,0,0,D
2018-19,Liverpool,Wolverhampton Wanderers,2,0,H
2018-19,Manchester United,Cardiff,0,2,A
2018-19,Southampton,Huddersfield,1,1,D
2018-19,Tottenham,Everton,2,2,D
2018-19,Watford,West Ham,1,4,A
